{"label": "nocomm", "seed": 42, "final_val_acc": 0.76328125, "time": 278.35433173179626}