{"label": "nocomm", "seed": 456, "final_val_acc": 0.75234375, "time": 282.89940547943115}