{"label": "nocomm", "seed": 123, "final_val_acc": 0.753125, "time": 285.58618807792664}