{"label": "ssr_d32_lora", "seed": 123, "final_val_acc": 0.78125, "time": 555.020455121994}