{"label": "ssr_d32", "seed": 456, "final_val_acc": 0.75234375, "time": 286.7738583087921}