{"label": "ssr_d32_lora", "seed": 42, "final_val_acc": 0.7703125, "time": 539.7485730648041}