{"label": "ssr_d32_lora", "seed": 456, "final_val_acc": 0.79453125, "time": 537.9757542610168}