{"label": "ssr_d32", "seed": 42, "final_val_acc": 0.76328125, "time": 283.7769069671631}