{"label": "ssr_d32", "seed": 123, "final_val_acc": 0.753125, "time": 286.1498348712921}