{"label": "text_trunc16_lora", "seed": 42, "final_val_acc": 0.9109375, "time": 402.6357567310333}