{"label": "text_trunc16", "seed": 456, "final_val_acc": 0.86015625, "time": 157.83546209335327}