{"label": "text_full", "seed": 456, "final_val_acc": 0.91015625, "time": 193.64625239372253}