{"label": "text_trunc16_lora", "seed": 123, "final_val_acc": 0.9171875, "time": 399.0290608406067}