{"label": "text_trunc16", "seed": 42, "final_val_acc": 0.88125, "time": 157.47992873191833}