{"label": "text_trunc16_lora", "seed": 456, "final_val_acc": 0.92265625, "time": 396.99191451072693}