{"label": "text_full", "seed": 123, "final_val_acc": 0.91953125, "time": 190.9563798904419}