{"label": "text_trunc16", "seed": 123, "final_val_acc": 0.87578125, "time": 158.91068816184998}