{"label": "text_full", "seed": 42, "final_val_acc": 0.91171875, "time": 193.807519197464}