{"label": "discrete_d32", "seed": 456, "final_val_acc": 0.506453804347826, "time": 873.0197107791901}