{"label": "discrete_d32", "seed": 42, "final_val_acc": 0.49626358695652173, "time": 866.8967921733856}