{"label": "discrete_d32", "seed": 123, "final_val_acc": 0.4867527173913043, "time": 867.7771406173706}