{"label": "nocomm", "seed": 123, "final_val_acc": 0.5363451086956522, "time": 869.0508458614349}