{"label": "nocomm", "seed": 42, "final_val_acc": 0.5366847826086957, "time": 871.0134189128876}