{"label": "nocomm", "seed": 456, "final_val_acc": 0.5203804347826086, "time": 874.9340257644653}