{"label": "ssr_d32", "seed": 123, "final_val_acc": 0.5363451086956522, "time": 871.6027600765228}