{"label": "ssr_d32", "seed": 42, "final_val_acc": 0.5366847826086957, "time": 865.9232022762299}