{"label": "ssr_d32_lora", "seed": 456, "final_val_acc": 0.5828804347826086, "time": 5685.68705368042}