{"label": "ssr_d32", "seed": 456, "final_val_acc": 0.5203804347826086, "time": 868.007730960846}