{"label": "ssr_d32_lora", "seed": 42, "final_val_acc": 0.610733695652174, "time": 1926.6351313591003}