{"label": "ssr_d32_lora", "seed": 123, "final_val_acc": 0.6049592391304348, "time": 1604.0062627792358}