{"label": "text_trunc8_lora", "seed": 42, "final_val_acc": 0.5502717391304348, "time": 903.7426459789276}