{"label": "text_trunc8", "seed": 123, "final_val_acc": 0.5665760869565217, "time": 337.4274799823761}