{"label": "text_trunc8", "seed": 42, "final_val_acc": 0.5692934782608695, "time": 334.25855135917664}