{"label": "text_full", "seed": 42, "final_val_acc": 0.9758831521739131, "time": 670.2301914691925}