{"label": "text_full", "seed": 123, "final_val_acc": 0.9792798913043478, "time": 672.9250719547272}