{"label": "text_trunc8", "seed": 456, "final_val_acc": 0.5550271739130435, "time": 337.14200377464294}