{"label": "text_trunc8_lora", "seed": 123, "final_val_acc": 0.5193614130434783, "time": 903.3646171092987}