{"label": "text_full_lora", "seed": 456, "final_val_acc": 0.9979619565217391, "time": 1493.3287229537964}