{"label": "text_full_lora", "seed": 123, "final_val_acc": 0.9993206521739131, "time": 1489.9376697540283}