{"label": "text_trunc8_lora", "seed": 456, "final_val_acc": 0.5550271739130435, "time": 894.3473520278931}