{"label": "text_full_lora", "seed": 42, "final_val_acc": 0.998641304347826, "time": 1489.0576186180115}