{"label": "text_full", "seed": 456, "final_val_acc": 0.977921195652174, "time": 672.7863259315491}