{"label": "hetero_ssr", "seed": 123, "final_val_acc": 0.5180027173913043, "time": 1127.8149318695068}