{"label": "hetero_ssr_lora", "seed": 42, "final_val_acc": 0.5618206521739131, "time": 2449.5761818885803}