{"label": "hetero_ssr", "seed": 456, "final_val_acc": 0.5427989130434783, "time": 1115.6471168994904}