{"label": "hetero_nocomm", "seed": 123, "final_val_acc": 0.49252717391304346, "time": 513.7096319198608}