{"label": "hetero_ssr", "seed": 42, "final_val_acc": 0.5519701086956522, "time": 1102.0465579032898}