{"label": "hetero_text_trunc8_lora", "seed": 42, "final_val_acc": 0.5506114130434783, "time": 1578.3224065303802}