{"label": "hetero_text_trunc8", "seed": 456, "final_val_acc": 0.5563858695652174, "time": 530.5043258666992}