{"label": "hetero_ssr_lora", "seed": 456, "final_val_acc": 0.5027173913043478, "time": 2439.962500810623}