{"label": "hetero_nocomm", "seed": 456, "final_val_acc": 0.49320652173913043, "time": 495.13101959228516}