{"label": "hetero_text_trunc8_lora", "seed": 456, "final_val_acc": 0.5353260869565217, "time": 1582.4946978092194}