{"label": "hetero_nocomm", "seed": 42, "final_val_acc": 0.4935461956521739, "time": 470.3563747406006}