{"label": "hetero_text_trunc8_lora", "seed": 123, "final_val_acc": 0.5461956521739131, "time": 1506.446186542511}