{"label": "hetero_ssr_lora", "seed": 123, "final_val_acc": 0.5723505434782609, "time": 2435.963171005249}