{"label": "hetero_text_trunc8", "seed": 42, "final_val_acc": 0.568953804347826, "time": 475.30128240585327}