{"label": "hetero_text_trunc8", "seed": 123, "final_val_acc": 0.5618206521739131, "time": 525.485755443573}