{"label": "homo_qwen_ssr_lora", "seed": 456, "final_val_acc": 0.5808423913043478, "time": 2000.100260257721}