{"label": "homo_smol_ssr_lora", "seed": 123, "final_val_acc": 0.5635190217391305, "time": 2456.162529230118}