{"label": "homo_qwen_ssr_lora", "seed": 123, "final_val_acc": 0.5927309782608695, "time": 2100.680808544159}