{"label": "homo_smol_ssr_lora", "seed": 456, "final_val_acc": 0.5883152173913043, "time": 2382.3412301540375}