{"label": "homo_smol_ssr_lora", "seed": 42, "final_val_acc": 0.6097146739130435, "time": 2564.18816447258}