{"label": "homo_qwen_ssr_lora", "seed": 42, "final_val_acc": 0.5991847826086957, "time": 2078.93026804924}